poiID,poiCat,poiLon,poiLat
1,Roller Coaster,-81.560349,28.357837
2,Ride,-81.561315,28.356163
3,Ride,-81.558642,28.355298
4,Kids,-81.558711,28.355645
5,Roller Coaster,-81.559949,28.360014
6,Ride,-81.559527,28.354907
7,Family,-81.560997,28.357488
8,Ride,-81.560611,28.356736
9,Family,-81.558197,28.361238
10,Family,-81.559016,28.359296
11,Family,-81.561011,28.356949
12,Family,-81.560655,28.357814
13,Family,-81.558322,28.356606
